image_paths,cluster,dist
../images/DG_Split_jpg/pansharp_11797.JPG,0,240
../images/DG_Split_jpg/pansharp_14425.JPG,0,238
../images/DG_Split_jpg/pansharp_22661.JPG,0,256
../images/DG_Split_jpg/pansharp_18253.JPG,0,239
../images/DG_Split_jpg/pansharp_24381.JPG,0,252
../images/DG_Split_jpg/pansharp_12957.JPG,0,248
../images/DG_Split_jpg/pansharp_10892.JPG,0,251
../images/DG_Split_jpg/pansharp_18349.JPG,0,223
../images/DG_Split_jpg/pansharp_2133.JPG,0,222
../images/DG_Split_jpg/pansharp_10388.JPG,0,229
../images/DG_Split_jpg/pansharp_13210.JPG,0,256
../images/DG_Split_jpg/pansharp_17233.JPG,0,248
../images/DG_Split_jpg/pansharp_14628.JPG,0,246
../images/DG_Split_jpg/pansharp_18051.JPG,0,248
../images/DG_Split_jpg/pansharp_17244.JPG,0,247
../images/DG_Split_jpg/pansharp_11823.JPG,0,226
../images/DG_Split_jpg/pansharp_16634.JPG,0,236
../images/DG_Split_jpg/pansharp_25572.JPG,0,246
../images/DG_Split_jpg/pansharp_25807.JPG,0,239
../images/DG_Split_jpg/pansharp_21224.JPG,0,257
../images/DG_Split_jpg/pansharp_18270.JPG,1,257
../images/DG_Split_jpg/pansharp_21828.JPG,1,255
../images/DG_Split_jpg/pansharp_23039.JPG,1,275
../images/DG_Split_jpg/pansharp_16441.JPG,1,270
../images/DG_Split_jpg/pansharp_11167.JPG,1,258
../images/DG_Split_jpg/pansharp_28397.JPG,1,235
../images/DG_Split_jpg/pansharp_6747.JPG,1,276
../images/DG_Split_jpg/pansharp_8371.JPG,1,275
../images/DG_Split_jpg/pansharp_19443.JPG,1,266
../images/DG_Split_jpg/pansharp_21424.JPG,1,275
../images/DG_Split_jpg/pansharp_22600.JPG,1,263
../images/DG_Split_jpg/pansharp_26998.JPG,1,248
../images/DG_Split_jpg/pansharp_9338.JPG,1,259
../images/DG_Split_jpg/pansharp_9783.JPG,1,275
../images/DG_Split_jpg/pansharp_13449.JPG,1,262
../images/DG_Split_jpg/pansharp_25355.JPG,1,247
../images/DG_Split_jpg/pansharp_17455.JPG,1,266
../images/DG_Split_jpg/pansharp_7291.JPG,1,263
../images/DG_Split_jpg/pansharp_11395.JPG,1,275
../images/DG_Split_jpg/pansharp_25421.JPG,1,269
../images/DG_Split_jpg/pansharp_18959.JPG,2,307
../images/DG_Split_jpg/pansharp_26055.JPG,2,307
../images/DG_Split_jpg/pansharp_20609.JPG,2,261
../images/DG_Split_jpg/pansharp_4888.JPG,2,293
../images/DG_Split_jpg/pansharp_6311.JPG,2,305
../images/DG_Split_jpg/pansharp_22234.JPG,2,306
../images/DG_Split_jpg/pansharp_4909.JPG,2,299
../images/DG_Split_jpg/pansharp_17040.JPG,2,268
../images/DG_Split_jpg/pansharp_15237.JPG,2,284
../images/DG_Split_jpg/pansharp_8966.JPG,2,305
../images/DG_Split_jpg/pansharp_18361.JPG,2,288
../images/DG_Split_jpg/pansharp_559.JPG,2,292
../images/DG_Split_jpg/pansharp_7551.JPG,2,311
../images/DG_Split_jpg/pansharp_2160.JPG,2,298
../images/DG_Split_jpg/pansharp_27395.JPG,2,305
../images/DG_Split_jpg/pansharp_8734.JPG,2,312
../images/DG_Split_jpg/pansharp_4282.JPG,2,312
../images/DG_Split_jpg/pansharp_24220.JPG,2,304
../images/DG_Split_jpg/pansharp_5290.JPG,2,312
../images/DG_Split_jpg/pansharp_4402.JPG,2,295
../images/DG_Split_jpg/pansharp_19550.JPG,3,279
../images/DG_Split_jpg/pansharp_18344.JPG,3,276
../images/DG_Split_jpg/pansharp_19146.JPG,3,276
../images/DG_Split_jpg/pansharp_14115.JPG,3,253
../images/DG_Split_jpg/pansharp_552.JPG,3,273
../images/DG_Split_jpg/pansharp_8267.JPG,3,286
../images/DG_Split_jpg/pansharp_4969.JPG,3,286
../images/DG_Split_jpg/pansharp_13301.JPG,3,265
../images/DG_Split_jpg/pansharp_23534.JPG,3,286
../images/DG_Split_jpg/pansharp_12778.JPG,3,285
../images/DG_Split_jpg/pansharp_3946.JPG,3,280
../images/DG_Split_jpg/pansharp_26421.JPG,3,265
../images/DG_Split_jpg/pansharp_23373.JPG,3,282
../images/DG_Split_jpg/pansharp_7268.JPG,3,277
../images/DG_Split_jpg/pansharp_4446.JPG,3,282
../images/DG_Split_jpg/pansharp_9674.JPG,3,229
../images/DG_Split_jpg/pansharp_5452.JPG,3,280
../images/DG_Split_jpg/pansharp_19952.JPG,3,265
../images/DG_Split_jpg/pansharp_13914.JPG,3,282
../images/DG_Split_jpg/pansharp_14302.JPG,3,263
../images/DG_Split_jpg/pansharp_24429.JPG,4,268
../images/DG_Split_jpg/pansharp_3503.JPG,4,267
../images/DG_Split_jpg/pansharp_25633.JPG,4,274
../images/DG_Split_jpg/pansharp_11573.JPG,4,276
../images/DG_Split_jpg/pansharp_19628.JPG,4,265
../images/DG_Split_jpg/pansharp_459.JPG,4,274
../images/DG_Split_jpg/pansharp_9756.JPG,4,274
../images/DG_Split_jpg/pansharp_13779.JPG,4,267
../images/DG_Split_jpg/pansharp_18006.JPG,4,254
../images/DG_Split_jpg/pansharp_260.JPG,4,274
../images/DG_Split_jpg/pansharp_10753.JPG,4,261
../images/DG_Split_jpg/pansharp_7743.JPG,4,230
../images/DG_Split_jpg/pansharp_20643.JPG,4,262
../images/DG_Split_jpg/pansharp_22247.JPG,4,266
../images/DG_Split_jpg/pansharp_7180.JPG,4,269
../images/DG_Split_jpg/pansharp_5128.JPG,4,275
../images/DG_Split_jpg/pansharp_20035.JPG,4,206
../images/DG_Split_jpg/pansharp_12165.JPG,4,235
../images/DG_Split_jpg/pansharp_9154.JPG,4,254
../images/DG_Split_jpg/pansharp_20619.JPG,4,260
../images/DG_Split_jpg/pansharp_7903.JPG,5,220
../images/DG_Split_jpg/pansharp_7420.JPG,5,228
../images/DG_Split_jpg/pansharp_7215.JPG,5,215
../images/DG_Split_jpg/pansharp_6820.JPG,5,202
../images/DG_Split_jpg/pansharp_6214.JPG,5,225
../images/DG_Split_jpg/pansharp_864.JPG,5,230
../images/DG_Split_jpg/pansharp_7423.JPG,5,205
../images/DG_Split_jpg/pansharp_7829.JPG,5,211
../images/DG_Split_jpg/pansharp_11233.JPG,5,226
../images/DG_Split_jpg/pansharp_6629.JPG,5,212
../images/DG_Split_jpg/pansharp_7618.JPG,5,224
../images/DG_Split_jpg/pansharp_23485.JPG,5,200
../images/DG_Split_jpg/pansharp_6019.JPG,5,224
../images/DG_Split_jpg/pansharp_7134.JPG,5,205
../images/DG_Split_jpg/pansharp_7015.JPG,5,226
../images/DG_Split_jpg/pansharp_7416.JPG,5,222
../images/DG_Split_jpg/pansharp_7819.JPG,5,224
../images/DG_Split_jpg/pansharp_7336.JPG,5,219
../images/DG_Split_jpg/pansharp_7016.JPG,5,218
../images/DG_Split_jpg/pansharp_7412.JPG,5,203
../images/DG_Split_jpg/pansharp_7579.JPG,6,370
../images/DG_Split_jpg/pansharp_19554.JPG,6,359
../images/DG_Split_jpg/pansharp_7727.JPG,6,361
../images/DG_Split_jpg/pansharp_18758.JPG,6,313
../images/DG_Split_jpg/pansharp_20430.JPG,6,340
../images/DG_Split_jpg/pansharp_20806.JPG,6,334
../images/DG_Split_jpg/pansharp_17944.JPG,6,351
../images/DG_Split_jpg/pansharp_7714.JPG,6,344
../images/DG_Split_jpg/pansharp_24989.JPG,6,341
../images/DG_Split_jpg/pansharp_25993.JPG,6,364
../images/DG_Split_jpg/pansharp_3466.JPG,6,340
../images/DG_Split_jpg/pansharp_26835.JPG,6,327
../images/DG_Split_jpg/pansharp_81.JPG,6,355
../images/DG_Split_jpg/pansharp_11496.JPG,6,349
../images/DG_Split_jpg/pansharp_26600.JPG,6,366
../images/DG_Split_jpg/pansharp_3066.JPG,6,355
../images/DG_Split_jpg/pansharp_6370.JPG,6,324
../images/DG_Split_jpg/pansharp_22127.JPG,6,352
../images/DG_Split_jpg/pansharp_11148.JPG,6,365
../images/DG_Split_jpg/pansharp_24021.JPG,6,366
../images/DG_Split_jpg/pansharp_2901.JPG,7,261
../images/DG_Split_jpg/pansharp_13125.JPG,7,268
../images/DG_Split_jpg/pansharp_13213.JPG,7,280
../images/DG_Split_jpg/pansharp_24800.JPG,7,273
../images/DG_Split_jpg/pansharp_25601.JPG,7,274
../images/DG_Split_jpg/pansharp_2363.JPG,7,277
../images/DG_Split_jpg/pansharp_13496.JPG,7,264
../images/DG_Split_jpg/pansharp_13694.JPG,7,252
../images/DG_Split_jpg/pansharp_8854.JPG,7,278
../images/DG_Split_jpg/pansharp_26979.JPG,7,280
../images/DG_Split_jpg/pansharp_25154.JPG,7,279
../images/DG_Split_jpg/pansharp_8979.JPG,7,276
../images/DG_Split_jpg/pansharp_11713.JPG,7,269
../images/DG_Split_jpg/pansharp_7450.JPG,7,272
../images/DG_Split_jpg/pansharp_26359.JPG,7,279
../images/DG_Split_jpg/pansharp_19353.JPG,7,256
../images/DG_Split_jpg/pansharp_3024.JPG,7,224
../images/DG_Split_jpg/pansharp_25155.JPG,7,234
../images/DG_Split_jpg/pansharp_9462.JPG,7,277
../images/DG_Split_jpg/pansharp_8396.JPG,7,270
../images/DG_Split_jpg/pansharp_24377.JPG,8,274
../images/DG_Split_jpg/pansharp_12697.JPG,8,269
../images/DG_Split_jpg/pansharp_5636.JPG,8,256
../images/DG_Split_jpg/pansharp_13703.JPG,8,267
../images/DG_Split_jpg/pansharp_16109.JPG,8,268
../images/DG_Split_jpg/pansharp_3144.JPG,8,273
../images/DG_Split_jpg/pansharp_23803.JPG,8,275
../images/DG_Split_jpg/pansharp_15616.JPG,8,277
../images/DG_Split_jpg/pansharp_8470.JPG,8,277
../images/DG_Split_jpg/pansharp_22354.JPG,8,260
../images/DG_Split_jpg/pansharp_7875.JPG,8,275
../images/DG_Split_jpg/pansharp_4244.JPG,8,273
../images/DG_Split_jpg/pansharp_13807.JPG,8,278
../images/DG_Split_jpg/pansharp_8667.JPG,8,276
../images/DG_Split_jpg/pansharp_14420.JPG,8,255
../images/DG_Split_jpg/pansharp_13934.JPG,8,276
../images/DG_Split_jpg/pansharp_13904.JPG,8,249
../images/DG_Split_jpg/pansharp_15315.JPG,8,265
../images/DG_Split_jpg/pansharp_9680.JPG,8,236
../images/DG_Split_jpg/pansharp_24335.JPG,8,266
../images/DG_Split_jpg/pansharp_19564.JPG,9,238
../images/DG_Split_jpg/pansharp_27345.JPG,9,271
../images/DG_Split_jpg/pansharp_1287.JPG,9,276
../images/DG_Split_jpg/pansharp_6894.JPG,9,247
../images/DG_Split_jpg/pansharp_8766.JPG,9,263
../images/DG_Split_jpg/pansharp_5942.JPG,9,259
../images/DG_Split_jpg/pansharp_12507.JPG,9,270
../images/DG_Split_jpg/pansharp_12305.JPG,9,254
../images/DG_Split_jpg/pansharp_8994.JPG,9,267
../images/DG_Split_jpg/pansharp_24420.JPG,9,265
../images/DG_Split_jpg/pansharp_9381.JPG,9,274
../images/DG_Split_jpg/pansharp_661.JPG,9,253
../images/DG_Split_jpg/pansharp_9561.JPG,9,266
../images/DG_Split_jpg/pansharp_14636.JPG,9,276
../images/DG_Split_jpg/pansharp_16845.JPG,9,237
../images/DG_Split_jpg/pansharp_21479.JPG,9,259
../images/DG_Split_jpg/pansharp_11213.JPG,9,229
../images/DG_Split_jpg/pansharp_22028.JPG,9,244
../images/DG_Split_jpg/pansharp_15640.JPG,9,265
../images/DG_Split_jpg/pansharp_2296.JPG,9,205
../images/DG_Split_jpg/pansharp_3932.JPG,10,229
../images/DG_Split_jpg/pansharp_3671.JPG,10,207
../images/DG_Split_jpg/pansharp_9795.JPG,10,215
../images/DG_Split_jpg/pansharp_6346.JPG,10,206
../images/DG_Split_jpg/pansharp_8880.JPG,10,220
../images/DG_Split_jpg/pansharp_14442.JPG,10,219
../images/DG_Split_jpg/pansharp_22278.JPG,10,215
../images/DG_Split_jpg/pansharp_12934.JPG,10,212
../images/DG_Split_jpg/pansharp_21222.JPG,10,226
../images/DG_Split_jpg/pansharp_11218.JPG,10,216
../images/DG_Split_jpg/pansharp_1356.JPG,10,229
../images/DG_Split_jpg/pansharp_11533.JPG,10,201
../images/DG_Split_jpg/pansharp_10061.JPG,10,230
../images/DG_Split_jpg/pansharp_15843.JPG,10,223
../images/DG_Split_jpg/pansharp_8594.JPG,10,193
../images/DG_Split_jpg/pansharp_22386.JPG,10,223
../images/DG_Split_jpg/pansharp_1959.JPG,10,230
../images/DG_Split_jpg/pansharp_20758.JPG,10,226
../images/DG_Split_jpg/pansharp_9790.JPG,10,229
../images/DG_Split_jpg/pansharp_12951.JPG,10,218
../images/DG_Split_jpg/pansharp_27860.JPG,11,302
../images/DG_Split_jpg/pansharp_15791.JPG,11,311
../images/DG_Split_jpg/pansharp_12772.JPG,11,286
../images/DG_Split_jpg/pansharp_19619.JPG,11,282
../images/DG_Split_jpg/pansharp_2486.JPG,11,296
../images/DG_Split_jpg/pansharp_5057.JPG,11,279
../images/DG_Split_jpg/pansharp_14179.JPG,11,276
../images/DG_Split_jpg/pansharp_8751.JPG,11,310
../images/DG_Split_jpg/pansharp_24056.JPG,11,312
../images/DG_Split_jpg/pansharp_19637.JPG,11,303
../images/DG_Split_jpg/pansharp_26327.JPG,11,313
../images/DG_Split_jpg/pansharp_12347.JPG,11,313
../images/DG_Split_jpg/pansharp_3810.JPG,11,309
../images/DG_Split_jpg/pansharp_22238.JPG,11,277
../images/DG_Split_jpg/pansharp_13576.JPG,11,282
../images/DG_Split_jpg/pansharp_6730.JPG,11,311
../images/DG_Split_jpg/pansharp_27726.JPG,11,281
../images/DG_Split_jpg/pansharp_901.JPG,11,305
../images/DG_Split_jpg/pansharp_27174.JPG,11,310
../images/DG_Split_jpg/pansharp_8146.JPG,11,307
../images/DG_Split_jpg/pansharp_26406.JPG,12,287
../images/DG_Split_jpg/pansharp_18055.JPG,12,284
../images/DG_Split_jpg/pansharp_17045.JPG,12,280
../images/DG_Split_jpg/pansharp_12973.JPG,12,263
../images/DG_Split_jpg/pansharp_10914.JPG,12,281
../images/DG_Split_jpg/pansharp_4612.JPG,12,282
../images/DG_Split_jpg/pansharp_13732.JPG,12,256
../images/DG_Split_jpg/pansharp_1266.JPG,12,283
../images/DG_Split_jpg/pansharp_3100.JPG,12,283
../images/DG_Split_jpg/pansharp_16853.JPG,12,282
../images/DG_Split_jpg/pansharp_26188.JPG,12,287
../images/DG_Split_jpg/pansharp_2464.JPG,12,285
../images/DG_Split_jpg/pansharp_9003.JPG,12,276
../images/DG_Split_jpg/pansharp_26361.JPG,12,264
../images/DG_Split_jpg/pansharp_1293.JPG,12,274
../images/DG_Split_jpg/pansharp_13153.JPG,12,275
../images/DG_Split_jpg/pansharp_3874.JPG,12,259
../images/DG_Split_jpg/pansharp_15005.JPG,12,285
../images/DG_Split_jpg/pansharp_24813.JPG,12,279
../images/DG_Split_jpg/pansharp_10742.JPG,12,277
../images/DG_Split_jpg/pansharp_12985.JPG,13,264
../images/DG_Split_jpg/pansharp_7208.JPG,13,259
../images/DG_Split_jpg/pansharp_2298.JPG,13,264
../images/DG_Split_jpg/pansharp_4538.JPG,13,269
../images/DG_Split_jpg/pansharp_2297.JPG,13,261
../images/DG_Split_jpg/pansharp_28444.JPG,13,239
../images/DG_Split_jpg/pansharp_21073.JPG,13,271
../images/DG_Split_jpg/pansharp_7095.JPG,13,257
../images/DG_Split_jpg/pansharp_16254.JPG,13,238
../images/DG_Split_jpg/pansharp_20472.JPG,13,219
../images/DG_Split_jpg/pansharp_20668.JPG,13,268
../images/DG_Split_jpg/pansharp_4707.JPG,13,274
../images/DG_Split_jpg/pansharp_26027.JPG,13,269
../images/DG_Split_jpg/pansharp_17256.JPG,13,266
../images/DG_Split_jpg/pansharp_13082.JPG,13,262
../images/DG_Split_jpg/pansharp_7749.JPG,13,233
../images/DG_Split_jpg/pansharp_16249.JPG,13,259
../images/DG_Split_jpg/pansharp_27958.JPG,13,271
../images/DG_Split_jpg/pansharp_7697.JPG,13,262
../images/DG_Split_jpg/pansharp_3676.JPG,13,259
../images/DG_Split_jpg/pansharp_8870.JPG,14,279
../images/DG_Split_jpg/pansharp_22351.JPG,14,270
../images/DG_Split_jpg/pansharp_10689.JPG,14,283
../images/DG_Split_jpg/pansharp_21349.JPG,14,283
../images/DG_Split_jpg/pansharp_11169.JPG,14,280
../images/DG_Split_jpg/pansharp_10943.JPG,14,272
../images/DG_Split_jpg/pansharp_25782.JPG,14,262
../images/DG_Split_jpg/pansharp_8292.JPG,14,278
../images/DG_Split_jpg/pansharp_14358.JPG,14,270
../images/DG_Split_jpg/pansharp_11311.JPG,14,282
../images/DG_Split_jpg/pansharp_14380.JPG,14,239
../images/DG_Split_jpg/pansharp_16699.JPG,14,269
../images/DG_Split_jpg/pansharp_11969.JPG,14,281
../images/DG_Split_jpg/pansharp_13305.JPG,14,251
../images/DG_Split_jpg/pansharp_20951.JPG,14,281
../images/DG_Split_jpg/pansharp_24067.JPG,14,279
../images/DG_Split_jpg/pansharp_23832.JPG,14,230
../images/DG_Split_jpg/pansharp_14104.JPG,14,279
../images/DG_Split_jpg/pansharp_24239.JPG,14,276
../images/DG_Split_jpg/pansharp_13832.JPG,14,268
../images/DG_Split_jpg/pansharp_11179.JPG,15,288
../images/DG_Split_jpg/pansharp_22495.JPG,15,324
../images/DG_Split_jpg/pansharp_3988.JPG,15,332
../images/DG_Split_jpg/pansharp_18384.JPG,15,326
../images/DG_Split_jpg/pansharp_14776.JPG,15,335
../images/DG_Split_jpg/pansharp_21292.JPG,15,297
../images/DG_Split_jpg/pansharp_6529.JPG,15,343
../images/DG_Split_jpg/pansharp_17466.JPG,15,299
../images/DG_Split_jpg/pansharp_21693.JPG,15,302
../images/DG_Split_jpg/pansharp_11181.JPG,15,333
../images/DG_Split_jpg/pansharp_8434.JPG,15,324
../images/DG_Split_jpg/pansharp_21089.JPG,15,343
../images/DG_Split_jpg/pansharp_2294.JPG,15,305
../images/DG_Split_jpg/pansharp_20483.JPG,15,294
../images/DG_Split_jpg/pansharp_20281.JPG,15,270
../images/DG_Split_jpg/pansharp_16242.JPG,15,343
../images/DG_Split_jpg/pansharp_11584.JPG,15,339
../images/DG_Split_jpg/pansharp_22092.JPG,15,337
../images/DG_Split_jpg/pansharp_21692.JPG,15,222
../images/DG_Split_jpg/pansharp_20085.JPG,15,330
../images/DG_Split_jpg/pansharp_25637.JPG,16,260
../images/DG_Split_jpg/pansharp_11570.JPG,16,253
../images/DG_Split_jpg/pansharp_16033.JPG,16,243
../images/DG_Split_jpg/pansharp_5581.JPG,16,251
../images/DG_Split_jpg/pansharp_3972.JPG,16,246
../images/DG_Split_jpg/pansharp_16026.JPG,16,254
../images/DG_Split_jpg/pansharp_27635.JPG,16,254
../images/DG_Split_jpg/pansharp_19780.JPG,16,259
../images/DG_Split_jpg/pansharp_11334.JPG,16,257
../images/DG_Split_jpg/pansharp_27122.JPG,16,243
../images/DG_Split_jpg/pansharp_12222.JPG,16,250
../images/DG_Split_jpg/pansharp_26031.JPG,16,249
../images/DG_Split_jpg/pansharp_15320.JPG,16,253
../images/DG_Split_jpg/pansharp_27834.JPG,16,242
../images/DG_Split_jpg/pansharp_17246.JPG,16,253
../images/DG_Split_jpg/pansharp_4119.JPG,16,231
../images/DG_Split_jpg/pansharp_763.JPG,16,255
../images/DG_Split_jpg/pansharp_17504.JPG,16,250
../images/DG_Split_jpg/pansharp_5332.JPG,16,248
../images/DG_Split_jpg/pansharp_20045.JPG,16,251
../images/DG_Split_jpg/pansharp_8668.JPG,17,252
../images/DG_Split_jpg/pansharp_11075.JPG,17,232
../images/DG_Split_jpg/pansharp_12495.JPG,17,254
../images/DG_Split_jpg/pansharp_14499.JPG,17,244
../images/DG_Split_jpg/pansharp_15912.JPG,17,249
../images/DG_Split_jpg/pansharp_18422.JPG,17,254
../images/DG_Split_jpg/pansharp_25750.JPG,17,254
../images/DG_Split_jpg/pansharp_6459.JPG,17,254
../images/DG_Split_jpg/pansharp_25165.JPG,17,248
../images/DG_Split_jpg/pansharp_11288.JPG,17,223
../images/DG_Split_jpg/pansharp_4572.JPG,17,245
../images/DG_Split_jpg/pansharp_13108.JPG,17,216
../images/DG_Split_jpg/pansharp_6454.JPG,17,247
../images/DG_Split_jpg/pansharp_25742.JPG,17,245
../images/DG_Split_jpg/pansharp_24622.JPG,17,250
../images/DG_Split_jpg/pansharp_11138.JPG,17,249
../images/DG_Split_jpg/pansharp_22343.JPG,17,249
../images/DG_Split_jpg/pansharp_27782.JPG,17,244
../images/DG_Split_jpg/pansharp_19342.JPG,17,232
../images/DG_Split_jpg/pansharp_14531.JPG,17,239
../images/DG_Split_jpg/pansharp_5756.JPG,18,308
../images/DG_Split_jpg/pansharp_18682.JPG,18,301
../images/DG_Split_jpg/pansharp_14854.JPG,18,293
../images/DG_Split_jpg/pansharp_5696.JPG,18,313
../images/DG_Split_jpg/pansharp_10374.JPG,18,282
../images/DG_Split_jpg/pansharp_15056.JPG,18,292
../images/DG_Split_jpg/pansharp_1832.JPG,18,293
../images/DG_Split_jpg/pansharp_419.JPG,18,298
../images/DG_Split_jpg/pansharp_24815.JPG,18,300
../images/DG_Split_jpg/pansharp_14249.JPG,18,280
../images/DG_Split_jpg/pansharp_6769.JPG,18,290
../images/DG_Split_jpg/pansharp_5554.JPG,18,287
../images/DG_Split_jpg/pansharp_5826.JPG,18,316
../images/DG_Split_jpg/pansharp_19773.JPG,18,281
../images/DG_Split_jpg/pansharp_15948.JPG,18,305
../images/DG_Split_jpg/pansharp_5409.JPG,18,300
../images/DG_Split_jpg/pansharp_1090.JPG,18,300
../images/DG_Split_jpg/pansharp_10007.JPG,18,305
../images/DG_Split_jpg/pansharp_188.JPG,18,307
../images/DG_Split_jpg/pansharp_794.JPG,18,318
../images/DG_Split_jpg/pansharp_22776.JPG,19,253
../images/DG_Split_jpg/pansharp_17877.JPG,19,311
../images/DG_Split_jpg/pansharp_6280.JPG,19,269
../images/DG_Split_jpg/pansharp_10100.JPG,19,261
../images/DG_Split_jpg/pansharp_27603.JPG,19,310
../images/DG_Split_jpg/pansharp_3868.JPG,19,265
../images/DG_Split_jpg/pansharp_23378.JPG,19,304
../images/DG_Split_jpg/pansharp_5476.JPG,19,276
../images/DG_Split_jpg/pansharp_3465.JPG,19,299
../images/DG_Split_jpg/pansharp_22308.JPG,19,279
../images/DG_Split_jpg/pansharp_8401.JPG,19,311
../images/DG_Split_jpg/pansharp_11105.JPG,19,257
../images/DG_Split_jpg/pansharp_25189.JPG,19,287
../images/DG_Split_jpg/pansharp_14320.JPG,19,293
../images/DG_Split_jpg/pansharp_28207.JPG,19,309
../images/DG_Split_jpg/pansharp_23579.JPG,19,293
../images/DG_Split_jpg/pansharp_10904.JPG,19,305
../images/DG_Split_jpg/pansharp_27402.JPG,19,264
../images/DG_Split_jpg/pansharp_19891.JPG,19,310
../images/DG_Split_jpg/pansharp_4069.JPG,19,285
../images/DG_Split_jpg/pansharp_19537.JPG,20,258
../images/DG_Split_jpg/pansharp_24940.JPG,20,237
../images/DG_Split_jpg/pansharp_26345.JPG,20,259
../images/DG_Split_jpg/pansharp_24200.JPG,20,259
../images/DG_Split_jpg/pansharp_11813.JPG,20,258
../images/DG_Split_jpg/pansharp_23096.JPG,20,257
../images/DG_Split_jpg/pansharp_12139.JPG,20,229
../images/DG_Split_jpg/pansharp_27090.JPG,20,258
../images/DG_Split_jpg/pansharp_13625.JPG,20,259
../images/DG_Split_jpg/pansharp_17705.JPG,20,261
../images/DG_Split_jpg/pansharp_24368.JPG,20,241
../images/DG_Split_jpg/pansharp_13549.JPG,20,261
../images/DG_Split_jpg/pansharp_25434.JPG,20,253
../images/DG_Split_jpg/pansharp_24837.JPG,20,252
../images/DG_Split_jpg/pansharp_27577.JPG,20,258
../images/DG_Split_jpg/pansharp_17432.JPG,20,256
../images/DG_Split_jpg/pansharp_12497.JPG,20,246
../images/DG_Split_jpg/pansharp_16925.JPG,20,261
../images/DG_Split_jpg/pansharp_25383.JPG,20,235
../images/DG_Split_jpg/pansharp_8752.JPG,20,261
../images/DG_Split_jpg/pansharp_16356.JPG,21,416
../images/DG_Split_jpg/pansharp_16374.JPG,21,415
../images/DG_Split_jpg/pansharp_16341.JPG,21,275
../images/DG_Split_jpg/pansharp_16339.JPG,21,370
../images/DG_Split_jpg/pansharp_14968.JPG,21,395
../images/DG_Split_jpg/pansharp_16348.JPG,21,273
../images/DG_Split_jpg/pansharp_16372.JPG,21,386
../images/DG_Split_jpg/pansharp_16351.JPG,21,370
../images/DG_Split_jpg/pansharp_16349.JPG,21,410
../images/DG_Split_jpg/pansharp_16367.JPG,21,416
../images/DG_Split_jpg/pansharp_16340.JPG,21,345
../images/DG_Split_jpg/pansharp_16347.JPG,21,364
../images/DG_Split_jpg/pansharp_16350.JPG,21,385
../images/DG_Split_jpg/pansharp_16342.JPG,21,360
../images/DG_Split_jpg/pansharp_16352.JPG,21,402
../images/DG_Split_jpg/pansharp_16358.JPG,21,416
../images/DG_Split_jpg/pansharp_16355.JPG,21,346
../images/DG_Split_jpg/pansharp_16344.JPG,21,366
../images/DG_Split_jpg/pansharp_16337.JPG,21,333
../images/DG_Split_jpg/pansharp_16346.JPG,21,363
../images/DG_Split_jpg/pansharp_25787.JPG,22,258
../images/DG_Split_jpg/pansharp_17935.JPG,22,226
../images/DG_Split_jpg/pansharp_14530.JPG,22,252
../images/DG_Split_jpg/pansharp_28030.JPG,22,260
../images/DG_Split_jpg/pansharp_23161.JPG,22,249
../images/DG_Split_jpg/pansharp_19151.JPG,22,255
../images/DG_Split_jpg/pansharp_8687.JPG,22,244
../images/DG_Split_jpg/pansharp_14316.JPG,22,253
../images/DG_Split_jpg/pansharp_17939.JPG,22,257
../images/DG_Split_jpg/pansharp_24333.JPG,22,241
../images/DG_Split_jpg/pansharp_16121.JPG,22,252
../images/DG_Split_jpg/pansharp_25027.JPG,22,258
../images/DG_Split_jpg/pansharp_9685.JPG,22,249
../images/DG_Split_jpg/pansharp_13983.JPG,22,260
../images/DG_Split_jpg/pansharp_7385.JPG,22,229
../images/DG_Split_jpg/pansharp_19254.JPG,22,248
../images/DG_Split_jpg/pansharp_18340.JPG,22,260
../images/DG_Split_jpg/pansharp_18021.JPG,22,253
../images/DG_Split_jpg/pansharp_13121.JPG,22,252
../images/DG_Split_jpg/pansharp_14137.JPG,22,244
../images/DG_Split_jpg/pansharp_11543.JPG,23,225
../images/DG_Split_jpg/pansharp_16797.JPG,23,194
../images/DG_Split_jpg/pansharp_24194.JPG,23,211
../images/DG_Split_jpg/pansharp_16808.JPG,23,223
../images/DG_Split_jpg/pansharp_867.JPG,23,219
../images/DG_Split_jpg/pansharp_20227.JPG,23,206
../images/DG_Split_jpg/pansharp_7338.JPG,23,215
../images/DG_Split_jpg/pansharp_24252.JPG,23,224
../images/DG_Split_jpg/pansharp_8750.JPG,23,223
../images/DG_Split_jpg/pansharp_21639.JPG,23,225
../images/DG_Split_jpg/pansharp_5528.JPG,23,221
../images/DG_Split_jpg/pansharp_21980.JPG,23,219
../images/DG_Split_jpg/pansharp_3169.JPG,23,219
../images/DG_Split_jpg/pansharp_11159.JPG,23,223
../images/DG_Split_jpg/pansharp_26234.JPG,23,207
../images/DG_Split_jpg/pansharp_10149.JPG,23,220
../images/DG_Split_jpg/pansharp_25298.JPG,23,208
../images/DG_Split_jpg/pansharp_19218.JPG,23,219
../images/DG_Split_jpg/pansharp_22621.JPG,23,225
../images/DG_Split_jpg/pansharp_3986.JPG,23,221
../images/DG_Split_jpg/pansharp_20787.JPG,24,200
../images/DG_Split_jpg/pansharp_22273.JPG,24,195
../images/DG_Split_jpg/pansharp_9093.JPG,24,195
../images/DG_Split_jpg/pansharp_9225.JPG,24,201
../images/DG_Split_jpg/pansharp_24013.JPG,24,171
../images/DG_Split_jpg/pansharp_10620.JPG,24,197
../images/DG_Split_jpg/pansharp_20053.JPG,24,183
../images/DG_Split_jpg/pansharp_6023.JPG,24,200
../images/DG_Split_jpg/pansharp_8227.JPG,24,173
../images/DG_Split_jpg/pansharp_5212.JPG,24,196
../images/DG_Split_jpg/pansharp_20064.JPG,24,187
../images/DG_Split_jpg/pansharp_5783.JPG,24,199
../images/DG_Split_jpg/pansharp_19238.JPG,24,199
../images/DG_Split_jpg/pansharp_9627.JPG,24,199
../images/DG_Split_jpg/pansharp_7425.JPG,24,190
../images/DG_Split_jpg/pansharp_7029.JPG,24,204
../images/DG_Split_jpg/pansharp_6225.JPG,24,182
../images/DG_Split_jpg/pansharp_8432.JPG,24,193
../images/DG_Split_jpg/pansharp_7826.JPG,24,196
../images/DG_Split_jpg/pansharp_19634.JPG,24,187
../images/DG_Split_jpg/pansharp_15259.JPG,25,248
../images/DG_Split_jpg/pansharp_5582.JPG,25,264
../images/DG_Split_jpg/pansharp_26684.JPG,25,272
../images/DG_Split_jpg/pansharp_7343.JPG,25,245
../images/DG_Split_jpg/pansharp_18667.JPG,25,259
../images/DG_Split_jpg/pansharp_15412.JPG,25,267
../images/DG_Split_jpg/pansharp_1487.JPG,25,273
../images/DG_Split_jpg/pansharp_15414.JPG,25,266
../images/DG_Split_jpg/pansharp_12389.JPG,25,260
../images/DG_Split_jpg/pansharp_15006.JPG,25,264
../images/DG_Split_jpg/pansharp_2940.JPG,25,270
../images/DG_Split_jpg/pansharp_21184.JPG,25,254
../images/DG_Split_jpg/pansharp_12737.JPG,25,241
../images/DG_Split_jpg/pansharp_12808.JPG,25,264
../images/DG_Split_jpg/pansharp_21986.JPG,25,275
../images/DG_Split_jpg/pansharp_13231.JPG,25,267
../images/DG_Split_jpg/pansharp_22090.JPG,25,269
../images/DG_Split_jpg/pansharp_11916.JPG,25,264
../images/DG_Split_jpg/pansharp_21390.JPG,25,231
../images/DG_Split_jpg/pansharp_7566.JPG,25,247
../images/DG_Split_jpg/pansharp_18567.JPG,26,360
../images/DG_Split_jpg/pansharp_16969.JPG,26,397
../images/DG_Split_jpg/pansharp_16152.JPG,26,311
../images/DG_Split_jpg/pansharp_16164.JPG,26,350
../images/DG_Split_jpg/pansharp_17180.JPG,26,329
../images/DG_Split_jpg/pansharp_17570.JPG,26,388
../images/DG_Split_jpg/pansharp_16972.JPG,26,372
../images/DG_Split_jpg/pansharp_18767.JPG,26,355
../images/DG_Split_jpg/pansharp_16747.JPG,26,398
../images/DG_Split_jpg/pansharp_16563.JPG,26,371
../images/DG_Split_jpg/pansharp_17172.JPG,26,390
../images/DG_Split_jpg/pansharp_17181.JPG,26,377
../images/DG_Split_jpg/pansharp_19722.JPG,26,384
../images/DG_Split_jpg/pansharp_17163.JPG,26,386
../images/DG_Split_jpg/pansharp_13367.JPG,26,365
../images/DG_Split_jpg/pansharp_16776.JPG,26,396
../images/DG_Split_jpg/pansharp_18164.JPG,26,387
../images/DG_Split_jpg/pansharp_16952.JPG,26,399
../images/DG_Split_jpg/pansharp_17369.JPG,26,371
../images/DG_Split_jpg/pansharp_15767.JPG,26,400
../images/DG_Split_jpg/pansharp_3951.JPG,27,244
../images/DG_Split_jpg/pansharp_15718.JPG,27,229
../images/DG_Split_jpg/pansharp_11952.JPG,27,239
../images/DG_Split_jpg/pansharp_18451.JPG,27,242
../images/DG_Split_jpg/pansharp_19362.JPG,27,244
../images/DG_Split_jpg/pansharp_2530.JPG,27,227
../images/DG_Split_jpg/pansharp_10258.JPG,27,242
../images/DG_Split_jpg/pansharp_26205.JPG,27,220
../images/DG_Split_jpg/pansharp_14581.JPG,27,244
../images/DG_Split_jpg/pansharp_26514.JPG,27,243
../images/DG_Split_jpg/pansharp_23205.JPG,27,223
../images/DG_Split_jpg/pansharp_5318.JPG,27,212
../images/DG_Split_jpg/pansharp_21577.JPG,27,224
../images/DG_Split_jpg/pansharp_22989.JPG,27,226
../images/DG_Split_jpg/pansharp_11720.JPG,27,218
../images/DG_Split_jpg/pansharp_23006.JPG,27,224
../images/DG_Split_jpg/pansharp_14935.JPG,27,233
../images/DG_Split_jpg/pansharp_1343.JPG,27,209
../images/DG_Split_jpg/pansharp_24379.JPG,27,209
../images/DG_Split_jpg/pansharp_5732.JPG,27,214
../images/DG_Split_jpg/pansharp_18181.JPG,28,319
../images/DG_Split_jpg/pansharp_18391.JPG,28,332
../images/DG_Split_jpg/pansharp_19525.JPG,28,307
../images/DG_Split_jpg/pansharp_13363.JPG,28,318
../images/DG_Split_jpg/pansharp_1305.JPG,28,312
../images/DG_Split_jpg/pansharp_20376.JPG,28,282
../images/DG_Split_jpg/pansharp_13962.JPG,28,336
../images/DG_Split_jpg/pansharp_19372.JPG,28,325
../images/DG_Split_jpg/pansharp_18785.JPG,28,286
../images/DG_Split_jpg/pansharp_19121.JPG,28,326
../images/DG_Split_jpg/pansharp_17977.JPG,28,339
../images/DG_Split_jpg/pansharp_19323.JPG,28,314
../images/DG_Split_jpg/pansharp_18581.JPG,28,306
../images/DG_Split_jpg/pansharp_18783.JPG,28,319
../images/DG_Split_jpg/pansharp_15772.JPG,28,313
../images/DG_Split_jpg/pansharp_18582.JPG,28,299
../images/DG_Split_jpg/pansharp_19189.JPG,28,285
../images/DG_Split_jpg/pansharp_17777.JPG,28,293
../images/DG_Split_jpg/pansharp_17779.JPG,28,321
../images/DG_Split_jpg/pansharp_19201.JPG,28,324
../images/DG_Split_jpg/pansharp_23239.JPG,29,263
../images/DG_Split_jpg/pansharp_19860.JPG,29,251
../images/DG_Split_jpg/pansharp_15247.JPG,29,263
../images/DG_Split_jpg/pansharp_4518.JPG,29,257
../images/DG_Split_jpg/pansharp_19247.JPG,29,230
../images/DG_Split_jpg/pansharp_10560.JPG,29,220
../images/DG_Split_jpg/pansharp_4378.JPG,29,255
../images/DG_Split_jpg/pansharp_11986.JPG,29,250
../images/DG_Split_jpg/pansharp_1731.JPG,29,263
../images/DG_Split_jpg/pansharp_11194.JPG,29,267
../images/DG_Split_jpg/pansharp_27795.JPG,29,269
../images/DG_Split_jpg/pansharp_19863.JPG,29,262
../images/DG_Split_jpg/pansharp_14441.JPG,29,260
../images/DG_Split_jpg/pansharp_7753.JPG,29,257
../images/DG_Split_jpg/pansharp_12942.JPG,29,269
../images/DG_Split_jpg/pansharp_3914.JPG,29,268
../images/DG_Split_jpg/pansharp_5546.JPG,29,266
../images/DG_Split_jpg/pansharp_21081.JPG,29,246
../images/DG_Split_jpg/pansharp_5873.JPG,29,250
../images/DG_Split_jpg/pansharp_18844.JPG,29,248
../images/DG_Split_jpg/pansharp_16052.JPG,30,285
../images/DG_Split_jpg/pansharp_24363.JPG,30,274
../images/DG_Split_jpg/pansharp_21150.JPG,30,264
../images/DG_Split_jpg/pansharp_814.JPG,30,272
../images/DG_Split_jpg/pansharp_24566.JPG,30,278
../images/DG_Split_jpg/pansharp_26752.JPG,30,274
../images/DG_Split_jpg/pansharp_20562.JPG,30,266
../images/DG_Split_jpg/pansharp_3517.JPG,30,280
../images/DG_Split_jpg/pansharp_16030.JPG,30,268
../images/DG_Split_jpg/pansharp_19787.JPG,30,269
../images/DG_Split_jpg/pansharp_23961.JPG,30,285
../images/DG_Split_jpg/pansharp_14723.JPG,30,273
../images/DG_Split_jpg/pansharp_9750.JPG,30,270
../images/DG_Split_jpg/pansharp_27424.JPG,30,248
../images/DG_Split_jpg/pansharp_20962.JPG,30,270
../images/DG_Split_jpg/pansharp_14817.JPG,30,252
../images/DG_Split_jpg/pansharp_7786.JPG,30,268
../images/DG_Split_jpg/pansharp_13937.JPG,30,249
../images/DG_Split_jpg/pansharp_18912.JPG,30,264
../images/DG_Split_jpg/pansharp_14140.JPG,30,260
../images/DG_Split_jpg/pansharp_22760.JPG,31,288
../images/DG_Split_jpg/pansharp_10903.JPG,31,277
../images/DG_Split_jpg/pansharp_28027.JPG,31,274
../images/DG_Split_jpg/pansharp_17317.JPG,31,282
../images/DG_Split_jpg/pansharp_26524.JPG,31,262
../images/DG_Split_jpg/pansharp_22358.JPG,31,237
../images/DG_Split_jpg/pansharp_20437.JPG,31,281
../images/DG_Split_jpg/pansharp_19034.JPG,31,284
../images/DG_Split_jpg/pansharp_15720.JPG,31,248
../images/DG_Split_jpg/pansharp_6884.JPG,31,284
../images/DG_Split_jpg/pansharp_9887.JPG,31,275
../images/DG_Split_jpg/pansharp_13508.JPG,31,268
../images/DG_Split_jpg/pansharp_20547.JPG,31,283
../images/DG_Split_jpg/pansharp_21638.JPG,31,270
../images/DG_Split_jpg/pansharp_24650.JPG,31,283
../images/DG_Split_jpg/pansharp_12990.JPG,31,252
../images/DG_Split_jpg/pansharp_8692.JPG,31,288
../images/DG_Split_jpg/pansharp_24917.JPG,31,284
../images/DG_Split_jpg/pansharp_20438.JPG,31,285
../images/DG_Split_jpg/pansharp_8281.JPG,31,282
../images/DG_Split_jpg/pansharp_9704.JPG,32,323
../images/DG_Split_jpg/pansharp_17593.JPG,32,307
../images/DG_Split_jpg/pansharp_22106.JPG,32,323
../images/DG_Split_jpg/pansharp_26999.JPG,32,331
../images/DG_Split_jpg/pansharp_19002.JPG,32,324
../images/DG_Split_jpg/pansharp_5809.JPG,32,307
../images/DG_Split_jpg/pansharp_420.JPG,32,324
../images/DG_Split_jpg/pansharp_18873.JPG,32,309
../images/DG_Split_jpg/pansharp_18671.JPG,32,332
../images/DG_Split_jpg/pansharp_26056.JPG,32,327
../images/DG_Split_jpg/pansharp_15377.JPG,32,316
../images/DG_Split_jpg/pansharp_14248.JPG,32,314
../images/DG_Split_jpg/pansharp_3592.JPG,32,294
../images/DG_Split_jpg/pansharp_10031.JPG,32,322
../images/DG_Split_jpg/pansharp_1685.JPG,32,308
../images/DG_Split_jpg/pansharp_12872.JPG,32,333
../images/DG_Split_jpg/pansharp_12155.JPG,32,309
../images/DG_Split_jpg/pansharp_18196.JPG,32,328
../images/DG_Split_jpg/pansharp_2449.JPG,32,321
../images/DG_Split_jpg/pansharp_21099.JPG,32,319
../images/DG_Split_jpg/pansharp_22809.JPG,33,258
../images/DG_Split_jpg/pansharp_18277.JPG,33,287
../images/DG_Split_jpg/pansharp_12858.JPG,33,287
../images/DG_Split_jpg/pansharp_12422.JPG,33,266
../images/DG_Split_jpg/pansharp_27414.JPG,33,284
../images/DG_Split_jpg/pansharp_18331.JPG,33,266
../images/DG_Split_jpg/pansharp_20940.JPG,33,279
../images/DG_Split_jpg/pansharp_9726.JPG,33,289
../images/DG_Split_jpg/pansharp_22632.JPG,33,289
../images/DG_Split_jpg/pansharp_5752.JPG,33,232
../images/DG_Split_jpg/pansharp_13840.JPG,33,275
../images/DG_Split_jpg/pansharp_27391.JPG,33,286
../images/DG_Split_jpg/pansharp_2308.JPG,33,290
../images/DG_Split_jpg/pansharp_21284.JPG,33,281
../images/DG_Split_jpg/pansharp_14046.JPG,33,262
../images/DG_Split_jpg/pansharp_22534.JPG,33,283
../images/DG_Split_jpg/pansharp_20689.JPG,33,283
../images/DG_Split_jpg/pansharp_11200.JPG,33,287
../images/DG_Split_jpg/pansharp_11511.JPG,33,285
../images/DG_Split_jpg/pansharp_15007.JPG,33,290
../images/DG_Split_jpg/pansharp_12511.JPG,34,181
../images/DG_Split_jpg/pansharp_4723.JPG,34,160
../images/DG_Split_jpg/pansharp_18024.JPG,34,159
../images/DG_Split_jpg/pansharp_10825.JPG,34,178
../images/DG_Split_jpg/pansharp_15607.JPG,34,183
../images/DG_Split_jpg/pansharp_27170.JPG,34,175
../images/DG_Split_jpg/pansharp_8951.JPG,34,177
../images/DG_Split_jpg/pansharp_21394.JPG,34,165
../images/DG_Split_jpg/pansharp_26526.JPG,34,169
../images/DG_Split_jpg/pansharp_25764.JPG,34,169
../images/DG_Split_jpg/pansharp_10426.JPG,34,176
../images/DG_Split_jpg/pansharp_18428.JPG,34,172
../images/DG_Split_jpg/pansharp_7387.JPG,34,178
../images/DG_Split_jpg/pansharp_23209.JPG,34,163
../images/DG_Split_jpg/pansharp_10016.JPG,34,170
../images/DG_Split_jpg/pansharp_16807.JPG,34,168
../images/DG_Split_jpg/pansharp_22481.JPG,34,151
../images/DG_Split_jpg/pansharp_11912.JPG,34,183
../images/DG_Split_jpg/pansharp_12477.JPG,34,167
../images/DG_Split_jpg/pansharp_10215.JPG,34,167
../images/DG_Split_jpg/pansharp_5523.JPG,35,264
../images/DG_Split_jpg/pansharp_28447.JPG,35,257
../images/DG_Split_jpg/pansharp_24233.JPG,35,256
../images/DG_Split_jpg/pansharp_15798.JPG,35,260
../images/DG_Split_jpg/pansharp_554.JPG,35,261
../images/DG_Split_jpg/pansharp_14816.JPG,35,241
../images/DG_Split_jpg/pansharp_12112.JPG,35,245
../images/DG_Split_jpg/pansharp_10991.JPG,35,262
../images/DG_Split_jpg/pansharp_21018.JPG,35,260
../images/DG_Split_jpg/pansharp_22579.JPG,35,244
../images/DG_Split_jpg/pansharp_25035.JPG,35,227
../images/DG_Split_jpg/pansharp_19742.JPG,35,239
../images/DG_Split_jpg/pansharp_25500.JPG,35,262
../images/DG_Split_jpg/pansharp_22739.JPG,35,239
../images/DG_Split_jpg/pansharp_1967.JPG,35,257
../images/DG_Split_jpg/pansharp_14603.JPG,35,246
../images/DG_Split_jpg/pansharp_20233.JPG,35,258
../images/DG_Split_jpg/pansharp_26455.JPG,35,262
../images/DG_Split_jpg/pansharp_12928.JPG,35,254
../images/DG_Split_jpg/pansharp_24740.JPG,35,248
../images/DG_Split_jpg/pansharp_21294.JPG,36,240
../images/DG_Split_jpg/pansharp_2546.JPG,36,252
../images/DG_Split_jpg/pansharp_8541.JPG,36,250
../images/DG_Split_jpg/pansharp_26745.JPG,36,232
../images/DG_Split_jpg/pansharp_2624.JPG,36,246
../images/DG_Split_jpg/pansharp_14777.JPG,36,253
../images/DG_Split_jpg/pansharp_4718.JPG,36,238
../images/DG_Split_jpg/pansharp_26643.JPG,36,221
../images/DG_Split_jpg/pansharp_6157.JPG,36,250
../images/DG_Split_jpg/pansharp_25887.JPG,36,233
../images/DG_Split_jpg/pansharp_18508.JPG,36,251
../images/DG_Split_jpg/pansharp_10202.JPG,36,251
../images/DG_Split_jpg/pansharp_28430.JPG,36,214
../images/DG_Split_jpg/pansharp_22779.JPG,36,232
../images/DG_Split_jpg/pansharp_6359.JPG,36,219
../images/DG_Split_jpg/pansharp_1011.JPG,36,249
../images/DG_Split_jpg/pansharp_13737.JPG,36,249
../images/DG_Split_jpg/pansharp_25259.JPG,36,232
../images/DG_Split_jpg/pansharp_3605.JPG,36,242
../images/DG_Split_jpg/pansharp_9398.JPG,36,233
../images/DG_Split_jpg/pansharp_8959.JPG,37,255
../images/DG_Split_jpg/pansharp_2496.JPG,37,221
../images/DG_Split_jpg/pansharp_3055.JPG,37,238
../images/DG_Split_jpg/pansharp_20890.JPG,37,238
../images/DG_Split_jpg/pansharp_18063.JPG,37,219
../images/DG_Split_jpg/pansharp_18335.JPG,37,258
../images/DG_Split_jpg/pansharp_5320.JPG,37,217
../images/DG_Split_jpg/pansharp_10385.JPG,37,231
../images/DG_Split_jpg/pansharp_23710.JPG,37,261
../images/DG_Split_jpg/pansharp_8960.JPG,37,243
../images/DG_Split_jpg/pansharp_10586.JPG,37,249
../images/DG_Split_jpg/pansharp_8958.JPG,37,256
../images/DG_Split_jpg/pansharp_1689.JPG,37,261
../images/DG_Split_jpg/pansharp_11583.JPG,37,232
../images/DG_Split_jpg/pansharp_6532.JPG,37,208
../images/DG_Split_jpg/pansharp_9971.JPG,37,250
../images/DG_Split_jpg/pansharp_15454.JPG,37,251
../images/DG_Split_jpg/pansharp_5522.JPG,37,215
../images/DG_Split_jpg/pansharp_11183.JPG,37,232
../images/DG_Split_jpg/pansharp_4715.JPG,37,261
../images/DG_Split_jpg/pansharp_16146.JPG,38,261
../images/DG_Split_jpg/pansharp_16186.JPG,38,267
../images/DG_Split_jpg/pansharp_16141.JPG,38,250
../images/DG_Split_jpg/pansharp_16159.JPG,38,260
../images/DG_Split_jpg/pansharp_16561.JPG,38,276
../images/DG_Split_jpg/pansharp_16158.JPG,38,278
../images/DG_Split_jpg/pansharp_15941.JPG,38,269
../images/DG_Split_jpg/pansharp_16584.JPG,38,280
../images/DG_Split_jpg/pansharp_16583.JPG,38,281
../images/DG_Split_jpg/pansharp_16762.JPG,38,250
../images/DG_Split_jpg/pansharp_16562.JPG,38,271
../images/DG_Split_jpg/pansharp_16558.JPG,38,240
../images/DG_Split_jpg/pansharp_16161.JPG,38,260
../images/DG_Split_jpg/pansharp_16145.JPG,38,274
../images/DG_Split_jpg/pansharp_16153.JPG,38,275
../images/DG_Split_jpg/pansharp_16582.JPG,38,225
../images/DG_Split_jpg/pansharp_15980.JPG,38,217
../images/DG_Split_jpg/pansharp_16177.JPG,38,256
../images/DG_Split_jpg/pansharp_20334.JPG,38,270
../images/DG_Split_jpg/pansharp_16179.JPG,38,280
../images/DG_Split_jpg/pansharp_21796.JPG,39,211
../images/DG_Split_jpg/pansharp_532.JPG,39,219
../images/DG_Split_jpg/pansharp_10736.JPG,39,224
../images/DG_Split_jpg/pansharp_25900.JPG,39,222
../images/DG_Split_jpg/pansharp_10731.JPG,39,227
../images/DG_Split_jpg/pansharp_1143.JPG,39,219
../images/DG_Split_jpg/pansharp_20790.JPG,39,227
../images/DG_Split_jpg/pansharp_18229.JPG,39,186
../images/DG_Split_jpg/pansharp_13148.JPG,39,171
../images/DG_Split_jpg/pansharp_19823.JPG,39,216
../images/DG_Split_jpg/pansharp_6123.JPG,39,209
../images/DG_Split_jpg/pansharp_264.JPG,39,223
../images/DG_Split_jpg/pansharp_20037.JPG,39,208
../images/DG_Split_jpg/pansharp_3774.JPG,39,226
../images/DG_Split_jpg/pansharp_10971.JPG,39,207
../images/DG_Split_jpg/pansharp_25832.JPG,39,211
../images/DG_Split_jpg/pansharp_731.JPG,39,216
../images/DG_Split_jpg/pansharp_11509.JPG,39,223
../images/DG_Split_jpg/pansharp_4522.JPG,39,219
../images/DG_Split_jpg/pansharp_23412.JPG,39,221
../images/DG_Split_jpg/pansharp_14232.JPG,40,285
../images/DG_Split_jpg/pansharp_12694.JPG,40,286
../images/DG_Split_jpg/pansharp_19141.JPG,40,299
../images/DG_Split_jpg/pansharp_13977.JPG,40,296
../images/DG_Split_jpg/pansharp_15022.JPG,40,296
../images/DG_Split_jpg/pansharp_20381.JPG,40,310
../images/DG_Split_jpg/pansharp_20188.JPG,40,287
../images/DG_Split_jpg/pansharp_26212.JPG,40,307
../images/DG_Split_jpg/pansharp_27246.JPG,40,276
../images/DG_Split_jpg/pansharp_9064.JPG,40,309
../images/DG_Split_jpg/pansharp_22105.JPG,40,296
../images/DG_Split_jpg/pansharp_21957.JPG,40,306
../images/DG_Split_jpg/pansharp_14516.JPG,40,292
../images/DG_Split_jpg/pansharp_396.JPG,40,283
../images/DG_Split_jpg/pansharp_20517.JPG,40,290
../images/DG_Split_jpg/pansharp_23760.JPG,40,307
../images/DG_Split_jpg/pansharp_578.JPG,40,289
../images/DG_Split_jpg/pansharp_28229.JPG,40,294
../images/DG_Split_jpg/pansharp_414.JPG,40,295
../images/DG_Split_jpg/pansharp_27209.JPG,40,294
../images/DG_Split_jpg/pansharp_17475.JPG,41,226
../images/DG_Split_jpg/pansharp_19892.JPG,41,263
../images/DG_Split_jpg/pansharp_22610.JPG,41,293
../images/DG_Split_jpg/pansharp_26271.JPG,41,288
../images/DG_Split_jpg/pansharp_16871.JPG,41,269
../images/DG_Split_jpg/pansharp_1599.JPG,41,302
../images/DG_Split_jpg/pansharp_23692.JPG,41,281
../images/DG_Split_jpg/pansharp_22084.JPG,41,277
../images/DG_Split_jpg/pansharp_21660.JPG,41,291
../images/DG_Split_jpg/pansharp_21418.JPG,41,277
../images/DG_Split_jpg/pansharp_18536.JPG,41,264
../images/DG_Split_jpg/pansharp_11709.JPG,41,273
../images/DG_Split_jpg/pansharp_23630.JPG,41,301
../images/DG_Split_jpg/pansharp_2349.JPG,41,295
../images/DG_Split_jpg/pansharp_16265.JPG,41,274
../images/DG_Split_jpg/pansharp_20739.JPG,41,297
../images/DG_Split_jpg/pansharp_12878.JPG,41,302
../images/DG_Split_jpg/pansharp_1306.JPG,41,302
../images/DG_Split_jpg/pansharp_9510.JPG,41,300
../images/DG_Split_jpg/pansharp_16065.JPG,41,291
../images/DG_Split_jpg/pansharp_28729.JPG,42,19
../images/DG_Split_jpg/pansharp_28827.JPG,42,19
../images/DG_Split_jpg/pansharp_22920.JPG,42,19
../images/DG_Split_jpg/pansharp_8039.JPG,42,19
../images/DG_Split_jpg/pansharp_5225.JPG,42,19
../images/DG_Split_jpg/pansharp_19899.JPG,42,19
../images/DG_Split_jpg/pansharp_22110.JPG,42,19
../images/DG_Split_jpg/pansharp_28664.JPG,42,19
../images/DG_Split_jpg/pansharp_28675.JPG,42,19
../images/DG_Split_jpg/pansharp_16689.JPG,42,19
../images/DG_Split_jpg/pansharp_21512.JPG,42,19
../images/DG_Split_jpg/pansharp_8245.JPG,42,19
../images/DG_Split_jpg/pansharp_17694.JPG,42,19
../images/DG_Split_jpg/pansharp_28341.JPG,42,19
../images/DG_Split_jpg/pansharp_20708.JPG,42,19
../images/DG_Split_jpg/pansharp_28883.JPG,42,19
../images/DG_Split_jpg/pansharp_3421.JPG,42,19
../images/DG_Split_jpg/pansharp_28684.JPG,42,19
../images/DG_Split_jpg/pansharp_20311.JPG,42,19
../images/DG_Split_jpg/pansharp_7839.JPG,42,19
../images/DG_Split_jpg/pansharp_22321.JPG,43,276
../images/DG_Split_jpg/pansharp_20916.JPG,43,205
../images/DG_Split_jpg/pansharp_19710.JPG,43,270
../images/DG_Split_jpg/pansharp_20113.JPG,43,266
../images/DG_Split_jpg/pansharp_20514.JPG,43,265
../images/DG_Split_jpg/pansharp_19310.JPG,43,272
../images/DG_Split_jpg/pansharp_18506.JPG,43,271
../images/DG_Split_jpg/pansharp_17099.JPG,43,267
../images/DG_Split_jpg/pansharp_16279.JPG,43,252
../images/DG_Split_jpg/pansharp_23326.JPG,43,248
../images/DG_Split_jpg/pansharp_19912.JPG,43,252
../images/DG_Split_jpg/pansharp_16495.JPG,43,276
../images/DG_Split_jpg/pansharp_20112.JPG,43,246
../images/DG_Split_jpg/pansharp_25333.JPG,43,225
../images/DG_Split_jpg/pansharp_17299.JPG,43,263
../images/DG_Split_jpg/pansharp_25534.JPG,43,249
../images/DG_Split_jpg/pansharp_20714.JPG,43,270
../images/DG_Split_jpg/pansharp_15261.JPG,43,259
../images/DG_Split_jpg/pansharp_7532.JPG,43,261
../images/DG_Split_jpg/pansharp_20915.JPG,43,248
../images/DG_Split_jpg/pansharp_8913.JPG,44,258
../images/DG_Split_jpg/pansharp_17539.JPG,44,248
../images/DG_Split_jpg/pansharp_885.JPG,44,252
../images/DG_Split_jpg/pansharp_23361.JPG,44,268
../images/DG_Split_jpg/pansharp_6558.JPG,44,264
../images/DG_Split_jpg/pansharp_3317.JPG,44,251
../images/DG_Split_jpg/pansharp_16300.JPG,44,266
../images/DG_Split_jpg/pansharp_181.JPG,44,244
../images/DG_Split_jpg/pansharp_486.JPG,44,255
../images/DG_Split_jpg/pansharp_3318.JPG,44,257
../images/DG_Split_jpg/pansharp_26668.JPG,44,235
../images/DG_Split_jpg/pansharp_11299.JPG,44,240
../images/DG_Split_jpg/pansharp_27453.JPG,44,251
../images/DG_Split_jpg/pansharp_23303.JPG,44,266
../images/DG_Split_jpg/pansharp_23759.JPG,44,259
../images/DG_Split_jpg/pansharp_1192.JPG,44,265
../images/DG_Split_jpg/pansharp_23494.JPG,44,259
../images/DG_Split_jpg/pansharp_10777.JPG,44,251
../images/DG_Split_jpg/pansharp_5563.JPG,44,215
../images/DG_Split_jpg/pansharp_378.JPG,44,253
../images/DG_Split_jpg/pansharp_3886.JPG,45,135
../images/DG_Split_jpg/pansharp_4288.JPG,45,133
../images/DG_Split_jpg/pansharp_13849.JPG,45,125
../images/DG_Split_jpg/pansharp_28147.JPG,45,129
../images/DG_Split_jpg/pansharp_14864.JPG,45,128
../images/DG_Split_jpg/pansharp_14457.JPG,45,134
../images/DG_Split_jpg/pansharp_14060.JPG,45,135
../images/DG_Split_jpg/pansharp_1659.JPG,45,136
../images/DG_Split_jpg/pansharp_13664.JPG,45,133
../images/DG_Split_jpg/pansharp_16272.JPG,45,134
../images/DG_Split_jpg/pansharp_11642.JPG,45,136
../images/DG_Split_jpg/pansharp_11837.JPG,45,129
../images/DG_Split_jpg/pansharp_12237.JPG,45,120
../images/DG_Split_jpg/pansharp_14858.JPG,45,134
../images/DG_Split_jpg/pansharp_12639.JPG,45,131
../images/DG_Split_jpg/pansharp_9624.JPG,45,129
../images/DG_Split_jpg/pansharp_8818.JPG,45,135
../images/DG_Split_jpg/pansharp_16477.JPG,45,122
../images/DG_Split_jpg/pansharp_14859.JPG,45,134
../images/DG_Split_jpg/pansharp_9220.JPG,45,135
../images/DG_Split_jpg/pansharp_12657.JPG,46,171
../images/DG_Split_jpg/pansharp_25484.JPG,46,179
../images/DG_Split_jpg/pansharp_14669.JPG,46,171
../images/DG_Split_jpg/pansharp_4528.JPG,46,174
../images/DG_Split_jpg/pansharp_15256.JPG,46,179
../images/DG_Split_jpg/pansharp_28149.JPG,46,162
../images/DG_Split_jpg/pansharp_26108.JPG,46,160
../images/DG_Split_jpg/pansharp_16268.JPG,46,174
../images/DG_Split_jpg/pansharp_25092.JPG,46,174
../images/DG_Split_jpg/pansharp_13852.JPG,46,174
../images/DG_Split_jpg/pansharp_19695.JPG,46,144
../images/DG_Split_jpg/pansharp_16471.JPG,46,166
../images/DG_Split_jpg/pansharp_13658.JPG,46,164
../images/DG_Split_jpg/pansharp_23672.JPG,46,179
../images/DG_Split_jpg/pansharp_25709.JPG,46,177
../images/DG_Split_jpg/pansharp_11052.JPG,46,164
../images/DG_Split_jpg/pansharp_14661.JPG,46,180
../images/DG_Split_jpg/pansharp_13260.JPG,46,158
../images/DG_Split_jpg/pansharp_15666.JPG,46,160
../images/DG_Split_jpg/pansharp_17885.JPG,46,165
../images/DG_Split_jpg/pansharp_27112.JPG,47,226
../images/DG_Split_jpg/pansharp_9034.JPG,47,219
../images/DG_Split_jpg/pansharp_3096.JPG,47,220
../images/DG_Split_jpg/pansharp_15255.JPG,47,215
../images/DG_Split_jpg/pansharp_13076.JPG,47,225
../images/DG_Split_jpg/pansharp_11853.JPG,47,229
../images/DG_Split_jpg/pansharp_7835.JPG,47,230
../images/DG_Split_jpg/pansharp_11852.JPG,47,212
../images/DG_Split_jpg/pansharp_24870.JPG,47,211
../images/DG_Split_jpg/pansharp_11050.JPG,47,230
../images/DG_Split_jpg/pansharp_11040.JPG,47,231
../images/DG_Split_jpg/pansharp_18688.JPG,47,213
../images/DG_Split_jpg/pansharp_15861.JPG,47,226
../images/DG_Split_jpg/pansharp_21449.JPG,47,223
../images/DG_Split_jpg/pansharp_8438.JPG,47,231
../images/DG_Split_jpg/pansharp_19897.JPG,47,216
../images/DG_Split_jpg/pansharp_496.JPG,47,194
../images/DG_Split_jpg/pansharp_25108.JPG,47,204
../images/DG_Split_jpg/pansharp_8615.JPG,47,216
../images/DG_Split_jpg/pansharp_17073.JPG,47,228
../images/DG_Split_jpg/pansharp_15455.JPG,48,276
../images/DG_Split_jpg/pansharp_23111.JPG,48,251
../images/DG_Split_jpg/pansharp_12457.JPG,48,237
../images/DG_Split_jpg/pansharp_20326.JPG,48,262
../images/DG_Split_jpg/pansharp_5492.JPG,48,273
../images/DG_Split_jpg/pansharp_2468.JPG,48,234
../images/DG_Split_jpg/pansharp_15264.JPG,48,258
../images/DG_Split_jpg/pansharp_16868.JPG,48,262
../images/DG_Split_jpg/pansharp_4701.JPG,48,270
../images/DG_Split_jpg/pansharp_3485.JPG,48,215
../images/DG_Split_jpg/pansharp_14660.JPG,48,276
../images/DG_Split_jpg/pansharp_19291.JPG,48,258
../images/DG_Split_jpg/pansharp_18887.JPG,48,245
../images/DG_Split_jpg/pansharp_3725.JPG,48,235
../images/DG_Split_jpg/pansharp_4127.JPG,48,273
../images/DG_Split_jpg/pansharp_2151.JPG,48,257
../images/DG_Split_jpg/pansharp_18246.JPG,48,276
../images/DG_Split_jpg/pansharp_27717.JPG,48,273
../images/DG_Split_jpg/pansharp_2561.JPG,48,263
../images/DG_Split_jpg/pansharp_17415.JPG,48,263
../images/DG_Split_jpg/pansharp_15020.JPG,49,191
../images/DG_Split_jpg/pansharp_27275.JPG,49,187
../images/DG_Split_jpg/pansharp_25842.JPG,49,191
../images/DG_Split_jpg/pansharp_21886.JPG,49,169
../images/DG_Split_jpg/pansharp_20067.JPG,49,180
../images/DG_Split_jpg/pansharp_3293.JPG,49,195
../images/DG_Split_jpg/pansharp_20044.JPG,49,183
../images/DG_Split_jpg/pansharp_26871.JPG,49,182
../images/DG_Split_jpg/pansharp_9217.JPG,49,173
../images/DG_Split_jpg/pansharp_26470.JPG,49,183
../images/DG_Split_jpg/pansharp_23896.JPG,49,165
../images/DG_Split_jpg/pansharp_2890.JPG,49,190
../images/DG_Split_jpg/pansharp_18928.JPG,49,180
../images/DG_Split_jpg/pansharp_18327.JPG,49,186
../images/DG_Split_jpg/pansharp_16257.JPG,49,195
../images/DG_Split_jpg/pansharp_2886.JPG,49,185
../images/DG_Split_jpg/pansharp_20125.JPG,49,190
../images/DG_Split_jpg/pansharp_3172.JPG,49,188
../images/DG_Split_jpg/pansharp_24704.JPG,49,188
../images/DG_Split_jpg/pansharp_397.JPG,49,195
